{
  "model": "Random Forest",
  "f1": 0.6598639455782312,
  "auc": 0.9417827615735685
}