{
  "model": "LSTM",
  "f1": 0.49318181818181817,
  "auc": 0.8720407638584168
}