{
  "model": "Isolation Forest",
  "f1": 0.41114982578397213,
  "auc": 0.743876625924716
}